fileid|datesaved|posttitle|artist|song
642635|9/24/2008 0:22|Birthday Boss - Bruce at the Shrine|Bruce Springsteen|Red Headed Woman
642636|9/24/2008 0:22|Birthday Boss - Bruce at the Shrine|Bruce Springsteen|Brilliant Disguise
642638|9/24/2008 0:23|Inbox Wednesday - Good, Better, Best|Nancy|Keep Cooler (Born Ruffians remix)
642637|9/24/2008 0:23|Inbox Wednesday - Good, Better, Best|Nancy|Keep Cooler
642640|9/24/2008 0:24|Inbox Wednesday - Good, Better, Best|We Plants Are Happy Plants|UITC
642639|9/24/2008 0:24|Inbox Wednesday - Good, Better, Best|The Legends|Seconds away
642641|9/24/2008 0:27|don't let it bother me|Invisible Conga People|Cable Dazed
642642|9/24/2008 0:28|don't let it bother me|Banjo or Freakout|Cable Dazed (Invisible Conga People Cover)
642643|9/24/2008 0:29|MP3 Truffles: Minds Renewed |Hilton Sutton|Intellectualism
642644|9/24/2008 0:31|MP3 Truffles: Minds Renewed |Carol Nelson|I Will Survive
642645|9/24/2008 0:31|MP3 Truffles: Minds Renewed |Hilton Sutton|WW2
642646|9/24/2008 0:31|MP3 Truffles: Minds Renewed |Hazy Osterwald Jet Set|Tai-Weh
642647|9/24/2008 0:32|MP3 Truffles: Minds Renewed |King Horror|Reggae, Loch Ness Monster
642648|9/24/2008 0:32|MP3 Truffles: Minds Renewed |Hazy Osterwald Jet Set|The Power Of the Lord
642649|9/24/2008 0:33|MP3 Truffles: Minds Renewed |Carol Nelson|My Happiness
642650|9/24/2008 0:33|MP3 Truffles: Minds Renewed |Hilton Sutton|I Will Destroy Them Economically
642651|9/24/2008 0:34|MP3 Truffles: Minds Renewed |The Vampires|China, Han Yu Qu (Chilling Rain Song)
642652|9/24/2008 0:34|MP3 Truffles: Minds Renewed |Tom Wilson|All American Boy
642653|9/24/2008 0:34|MP3 Truffles: Minds Renewed |George Van Dusen|The Yodeling Chinaman
642654|9/24/2008 0:34|MP3 Truffles: Minds Renewed |Steinski & Mass Media|Let's Play It Cool (Club Mix)
642656|9/24/2008 0:35|MP3 Truffles: Minds Renewed |The Electric Moog Orchestra|Space Symphony
642655|9/24/2008 0:35|MP3 Truffles: Minds Renewed |Hazy Osterwald Jet Set|Putz Den Schmutz Von Der Welt
642658|9/24/2008 0:36|MP3 Truffles: Minds Renewed |Hazy Osterwald Jet Set|New Mexico
642657|9/24/2008 0:36|Rub A Dub Dub…|pure silk featuring the blackstones|rub a dub
642659|9/24/2008 0:37|Kyle Andrews|Kyle Andrews|Naked In New York
642660|9/24/2008 0:38|Avrosse|Mick Willow|Chicago (Avrosse Remix)
642661|9/24/2008 0:38|Kyle Andrews|Kyle Andrews|Blow It Out
642662|9/24/2008 0:39|Tm Juke and the Jack Baker Trio.|TM Juke & The Jack Baker Trio|TRUCD174_09_Fortune_Favours_The_Bold
642663|9/24/2008 0:39|The GoStation|The GoStation|All Together Now
642664|9/24/2008 0:43|What do Passion Pit, Piano Creeps, YELLE and the Great Northwest all have in common?|The Great Northwest|chief john
642666|9/24/2008 0:48|song is over by sleepy pete|songis|over
642665|9/24/2008 0:48|Madame Shredder|Marnie Stern|The Package Is Wrapped
642667|9/24/2008 0:49|Portugal. The Man|Portugal The Man|Lay Me Back Down
642668|9/24/2008 0:50|The Beijing Tangs|The Beijing Tangs|Faster Than The Dream
642669|9/24/2008 1:12|Heltah Skeltah - D.I.R.T. / audio|Heltah Skeltah MASTER|D.I.R.T. (Another Boot Camp YEAH Song)
642670|9/24/2008 1:13|"Static of the Gods - Brand New Demo! - True North"""""|Static of the Gods|True North
642671|9/24/2008 1:15|Anything they touch will turn to gold?|CSS|Left Behind (Midnight Juggernauts Remix)
642672|9/24/2008 1:16|Anything they touch will turn to gold?|Usher|Love In This Club (MSTRKRFT Remix)
642673|9/24/2008 1:19|Matt and Kim: Daylight|Matt And Kim|Yea Yeah
642674|9/24/2008 1:25|Matt and Kim: Daylight|Matt and Kim|Daylight
642675|9/24/2008 1:26|BOS Presents : NY vs PHL at The M Room With Cheers Elephant,Butane Variations,Creeping Weeds, and I Am The Heat|Creeping Weeds|(I'm a) Donkey for Your Love (BOAT cover)
642676|9/24/2008 1:27|BOS Presents : NY vs PHL at The M Room With Cheers Elephant,Butane Variations,Creeping Weeds, and I Am The Heat|Cheers Elephant|Cocaine
642677|9/24/2008 1:27|BOS Presents : NY vs PHL at The M Room With Cheers Elephant,Butane Variations,Creeping Weeds, and I Am The Heat|I am the Heat|What Would Lou Reed Do
642678|9/24/2008 1:27|BOS Presents : NY vs PHL at The M Room With Cheers Elephant,Butane Variations,Creeping Weeds, and I Am The Heat|Creeping Weeds|Eternity Is A Long Time
642679|9/24/2008 1:28|BOS Presents : NY vs PHL at The M Room With Cheers Elephant,Butane Variations,Creeping Weeds, and I Am The Heat|Butane Variations|Airforce One
642680|9/24/2008 1:29|BOS Presents : NY vs PHL at The M Room With Cheers Elephant,Butane Variations,Creeping Weeds, and I Am The Heat|Butane Variation|Daytrotter Sessions, Jackie
642682|9/24/2008 2:14||White Lies|White Lies, Death (Crystal Castles Remix)
642681|9/24/2008 2:14||White Lies|Black Song
642683|9/24/2008 2:15|Ratatat- Shempi (Zongamin Remix)|Ratatat|Shempi (Zongamin Remix)
642684|9/24/2008 2:15|Bootleg Justice: North Mississippi All-Stars Live @ Recher Theater in Towson, MD (5.18.2008)|North Mississippi Allstars|Keep The Devil Down
642685|9/24/2008 2:16|Bootleg Justice: North Mississippi All-Stars Live @ Recher Theater in Towson, MD (5.18.2008)|North Mississippi Allstars|pre-encore crowd
642686|9/24/2008 2:31|Madlib / WLIB AM: King of the Wigflip|Madlib ft. Talib Kweli|What It Do f. Talib Kweli
642687|9/24/2008 2:31|Audio Roundup: TRIVIUM album stream; MUDVAYNE samples, GOD FORBID Remix; Listen to DOOMRIDERS|Doomriders|Black Thunder
642689|9/24/2008 2:33|MGMT + True Pseudo|MGMT|Electric Feel (True Pseudo Remix)
642691|9/24/2008 2:34|Bootleg Justice: North Mississippi All-Stars Live @ Recher Theater in Towson, MD (5.18.2008)|North Mississippi Allstars|Shimmy She Wobble  Station Blues  Preachin' Blues
642693|9/24/2008 2:35|Bootleg Justice: North Mississippi All-Stars Live @ Recher Theater in Towson, MD (5.18.2008)|North Mississippi Allstars|Shake 'Em On Down
642692|9/24/2008 2:35|Bootleg Justice: North Mississippi All-Stars Live @ Recher Theater in Towson, MD (5.18.2008)|North Mississippi Allstars|Poor Boy *
642698|9/24/2008 2:38|Bootleg Justice: North Mississippi All-Stars Live @ Recher Theater in Towson, MD (5.18.2008)|North Mississippi Allstars|Shake (Yo Mama) 
642699|9/24/2008 2:39|Bootleg Justice: North Mississippi All-Stars Live @ Recher Theater in Towson, MD (5.18.2008)|North Mississippi Allstars|I'd Love To Be A Hippy
642700|9/24/2008 2:39|Bootleg Justice: North Mississippi All-Stars Live @ Recher Theater in Towson, MD (5.18.2008)|North Mississippi Allstars|In My Time of Dying *
642701|9/24/2008 2:40|Bootleg Justice: North Mississippi All-Stars Live @ Recher Theater in Towson, MD (5.18.2008)|North Mississippi Allstars|All Night Long  Lovelight  All Night Long 
642702|9/24/2008 2:41|Bootleg Justice: North Mississippi All-Stars Live @ Recher Theater in Towson, MD (5.18.2008)|North Mississippi Allstars|Stray Cat Blues *
642703|9/24/2008 2:41|Bootleg Justice: North Mississippi All-Stars Live @ Recher Theater in Towson, MD (5.18.2008)|North Mississippi Allstars|Snake Drive  Mississippi Party  Snake Drive *
642704|9/24/2008 2:42|Bootleg Justice: North Mississippi All-Stars Live @ Recher Theater in Towson, MD (5.18.2008)|North Mississippi Allstars|Skinny Woman
642705|9/24/2008 2:42|Bootleg Justice: North Mississippi All-Stars Live @ Recher Theater in Towson, MD (5.18.2008)|North Mississippi Allstars|Everybody Needs Somebody To Love 
642706|9/24/2008 2:42|Bootleg Justice: North Mississippi All-Stars Live @ Recher Theater in Towson, MD (5.18.2008)|North Mississippi Allstars|Dixie Fried*
642707|9/24/2008 2:43|Bootleg Justice: North Mississippi All-Stars Live @ Recher Theater in Towson, MD (5.18.2008)|North Mississippi Allstars|Eaglebird 
642708|9/24/2008 2:44|Bootleg Justice: North Mississippi All-Stars Live @ Recher Theater in Towson, MD (5.18.2008)|North Mississippi Allstars|No Mo
642709|9/24/2008 2:45|BARACK 'N' ROLL|Bucky Lewis|Half-Breed
642710|9/24/2008 2:46|Bootleg Justice: North Mississippi All-Stars Live @ Recher Theater in Towson, MD (5.18.2008)|North Mississippi Allstars|Meet Me In The City *
642711|9/24/2008 2:48|Bootleg Justice: North Mississippi All-Stars Live @ Recher Theater in Towson, MD (5.18.2008)|North Mississippi Allstars|Po Black Maddie 
642712|9/24/2008 2:49|Bootleg Justice: North Mississippi All-Stars Live @ Recher Theater in Towson, MD (5.18.2008)|North Mississippi Allstars|Psychedelic Sex Machine
642713|9/24/2008 2:50|THERESA ANDERSSON|TheresaAndersson|Birds Fly Away
642714|9/24/2008 2:50|THERESA ANDERSSON|TheresaAndersson| Innan Du Gar
642715|9/24/2008 2:50|American Recording Studios|Elvis Presley|Pop/Rock, Suspicious Minds
642717|9/24/2008 2:51|American Recording Studios|B.J. Thomas|Pop/Rock, Hooked On A Feeling
642716|9/24/2008 2:51|Bootleg Justice: North Mississippi All-Stars Live @ Recher Theater in Towson, MD (5.18.2008)|North Mississippi Allstars|Sugartown
642718|9/24/2008 2:51|American Recording Studios|Neil Diamond|Pop/Rock, Brother Love's Travelling Salvation Show
642719|9/24/2008 2:52|American Recording Studios|Box Tops|Pop/Rock, Cry Like A Baby
642721|9/24/2008 2:52|American Recording Studios|Joe Tex|I Gotcha
642720|9/24/2008 2:52|American Recording Studios|Neil Diamond|Pop/Rock, Holly Holy (Single Version)
642723|9/24/2008 2:53|American Recording Studios|Joe Tex|R&B, Skinny Legs And All
642722|9/24/2008 2:53|American Recording Studios|Elvis Presley|Pop/Rock, Kentucky Rain
642724|9/24/2008 2:54|Of Montreal|Of Montreal|Gallery Piece
642725|9/24/2008 2:54|AD Presents :: Mission of Burma, Echoplex 9.25.08|Mission of Burma|Learn How
642726|9/24/2008 2:54|AD Presents :: Mission of Burma, Echoplex 9.25.08|Mission of Burma|Dead Pool
642727|9/24/2008 2:55|My 20 Favorite Hip-Hop Albums EVER! #19|Aesop Rock|No Regrets
642728|9/24/2008 2:55|My 20 Favorite Hip-Hop Albums EVER! #19|Aesop Rock|Daylight
642729|9/24/2008 2:56|My 20 Favorite Hip-Hop Albums EVER! #19|Aesop Rock|The Yes And The Y'all
642730|9/24/2008 2:56|My 20 Favorite Hip-Hop Albums EVER! #19|Aesop Rock|9-5ers Anthem
642731|9/24/2008 2:57|Southside Johnny & The Asbury Jukes: Paradiso 2008/10/10 webcast |Southside Johnny & The Asbury Jukes|Talk To Me
642732|9/24/2008 2:57|My 20 Favorite Hip-Hop Albums EVER! #19|Aesop Rock|Flashflood
642733|9/24/2008 2:58|More MySpace-Ramblings||veldt - walking in silence
642734|9/24/2008 2:59|Pure Santogold|Santogold|Shuv It (Disco D Blend)
642735|9/24/2008 2:59|More MySpace-Ramblings|Helen Stellar|Our Secrets
642736|9/24/2008 3:00|Daily Dose Deux|Das Pop|http://blog.datasapiens.net, Underground (Busy P Remix)
642737|9/24/2008 3:01|Daily Dose Deux|Of Montreal|Jimmy (M.I.A. cover)
642738|9/24/2008 3:02|Daily Dose Deux|Marseille|Dark Step
642739|9/24/2008 3:04|Daily Dose Deux|Depeche Mode|The Darkest Star (Holden Dub)
642740|9/24/2008 3:05|Raashan Ahmad|Mission|Contagious
642741|9/24/2008 3:05|Mickey Factz Wants YOU!|Mickey Factz|Africa ft D'Anglelo
642742|9/24/2008 3:08|MUSIC, NOT LOVE, IS THE DRUG|McAlmont and Butler|Falling
642743|9/24/2008 3:11|True Pseudo remix MGMT’s ‘Electric Feel’ + colaborate with Buddy Akai & Whiskey Pete|True Pseudo|Freaking Me Out
642744|9/24/2008 3:12|True Pseudo remix MGMT’s ‘Electric Feel’ + colaborate with Buddy Akai & Whiskey Pete|MGMT|Electric Feel (True Pseudo Remix)
642746|9/24/2008 3:17|7-inch serie, deel 467|Nuevo Catecismo Catlico|Why She's a Girl from the Chainstore?
642747|9/24/2008 3:17|7-inch serie, deel 467|Nuevo Catecismo Catlico|Yo no soy el que tu estabas buscando
642749|9/24/2008 3:18|Artist Spotlight: Kirsten Price|Kirsten Price|Magic Tree
642750|9/24/2008 3:18|Artist Spotlight: Kirsten Price|Kirsten Price|Freedom
642751|9/24/2008 3:18|Artist Spotlight: Kirsten Price|Kirsten Price|Fall
642748|9/24/2008 3:18|7-inch serie, deel 467|Nuevo Catecismo Catlico|No quiero obedecer
642752|9/24/2008 3:19|Artist Spotlight: Kirsten Price|Kirsten Price|Crazy Beautiful
642753|9/24/2008 4:14|Vous allez ignorer ce disque|Burt Bacharach|Freefall
642754|9/24/2008 4:14|Vous allez ignorer ce disque|Burt Bacharach|Nikki
642755|9/24/2008 4:15|Vous allez ignorer ce disque|Kimya Dawson|Lovie
642757|9/24/2008 4:16|Vous allez ignorer ce disque|Forest Fire|I Make Windows
642756|9/24/2008 4:16|Vous allez ignorer ce disque|Franois Virot|Cascade kisses
642758|9/24/2008 4:16|Vous allez ignorer ce disque|Francois Virot|Hard Knock Life
642759|9/24/2008 4:17|Vous allez ignorer ce disque|Micah P. Hinson|Tell Me It Ain't So
642760|9/24/2008 4:17|Vous allez ignorer ce disque|Micah P. Hinson|The Fire Came Up To My Knees
642762|9/24/2008 4:18|Vous allez ignorer ce disque|Forest Fire|Echoes Coming
642763|9/24/2008 4:18|Vous allez ignorer ce disque|Forest Fire|Promise
642761|9/24/2008 4:18|Vous allez ignorer ce disque|Kimya Dawson|Seven Hungry Tigers
642764|9/24/2008 4:19|Vous allez ignorer ce disque|Franois Virot|I wish I had you
642765|9/24/2008 4:19|Vous allez ignorer ce disque|Burt Bacharach|Hasbrook Heights
642767|9/24/2008 4:21|Walter Meego Forever Remixed!||Forever (Dept. 2am Remix)
642768|9/24/2008 4:21|Walter Meego Forever Remixed!|Walter Meego|Forever (Escort Remix)
642769|9/24/2008 4:22|Walter Meego Forever Remixed!||Forever (Dept. 6am Remix)
642770|9/24/2008 4:22|neue töne (413): hobotalk|Hobotalk|I Wait For You
642771|9/24/2008 4:22|neue töne (413): hobotalk||DateWithGrace-1
642772|9/24/2008 4:22|neue töne (413): hobotalk|Hobotalk|Today
642773|9/24/2008 4:23|neue töne (413): hobotalk|Hobotalk|Little Light
642774|9/24/2008 4:25|Cristina Donà - Report on the road|Cristina Don|Intervista (live at Maps)
642775|9/24/2008 4:57|Rico Uno - All Over Mixtape|The Osmonds|One Bad Apple (U-Tern's Bucket Mix)
642776|9/24/2008 5:00|Wonkavision: O Ímpar Perfeito|Wonkavision|O mpar Perfeito
642777|9/24/2008 5:10|Free Music Charts September 2008|On Wave|Be My Killer
642778|9/24/2008 5:11|Free Music Charts September 2008|Hazmat|The Beginning
642779|9/24/2008 5:12|Little Boots: Time To Pretend + Ready For The Floor|Little Boots|Ready For The Floor (Hot Chip Cover)
642780|9/24/2008 5:12|Ten Kens - S/T|Ten Kens|Fatcat Records, Your Kids Will Know
642781|9/24/2008 5:13|Mother South by mediocre|Appalachian Hunger|Mother South
642782|9/24/2008 5:14|Break Out the Beakers|TV On The Radio|Stork And Owl
642783|9/24/2008 5:15|On Abandonment|Cold War Kids|I've Seen Enough
642785|9/24/2008 6:10|Amy Kuney|Amy Kuney|Love Is Trippy
642784|9/24/2008 6:10|Yes, I Was A Theater Kid In High School (2.0)|Maury Yeston|07 Barrett's Song.mp3
642786|9/24/2008 6:11|Yes, I Was A Theater Kid In High School (2.0)|Maury Yeston|The Blame
642787|9/24/2008 6:11|09/23/08 BIRN Playlist|Headlights|01 Tokyo.mp3
642788|9/24/2008 6:11|09/23/08 BIRN Playlist|Headlights|01 Get Your Head Around It.mp3
642789|9/24/2008 6:12|09/23/08 BIRN Playlist|Ryan Adams|Carolina Rain
642790|9/24/2008 6:13|Peter Bjorn and WHAAAT!?|Peter Bjorn And John|Next Stop Bjursele
642791|9/24/2008 6:13|Eerie: This Has Never Been|Eerie|This Has Never Been
642792|9/24/2008 6:14|Amiina: Leather and Lace (Lee Hazlewood Cover)|Amiina|Leather and Lace (Lee Hazlewood Cover)
642793|9/24/2008 6:15|Peter Bjorn and WHAAAT!?|Peter Bjorn And John|Say Something (Mukiya)
642794|9/24/2008 6:19|New Band Day: La Shark|La Shark|La Shark - Bones (mix)
642795|9/24/2008 6:19|Cover van de week: Dream Bitches|Dream Bitches|Maniacal Mechanic
642796|9/24/2008 6:20|Cover van de week: Dream Bitches|Dream Bitches|Me and the Major
642797|9/24/2008 6:23|Album Review: Those Dancing Days|Those Dancing Days|Hitten
642798|9/24/2008 6:24|Bizzy|Diplo & Buraka Som Sistema|Inna De Ghetto (Remix)
642799|9/24/2008 6:28|DO U FEEL LIKE I DO?|Social Junk|New Year's Man
642800|9/24/2008 6:29|Tonight In The A: The Mars Volta, Sunset Rubdown, Indian Jewelry, Tree Creature|The Mars Volta|Agadez
642801|9/24/2008 6:31|Tonight In The A: The Mars Volta, Sunset Rubdown, Indian Jewelry, Tree Creature|TreeCreature|Nautilus Now Silver Implodes
642804|9/24/2008 6:32|Fascinated with The Faint|The Faint|Fish In A Womb
642802|9/24/2008 6:32|Tonight In The A: The Mars Volta, Sunset Rubdown, Indian Jewelry, Tree Creature|Sunset Rubdown|The Taming of the Hands That Came Back to Life
642803|9/24/2008 6:32|Tonight In The A: The Mars Volta, Sunset Rubdown, Indian Jewelry, Tree Creature|Indian Jewelry|Dirty Hands
642805|9/24/2008 6:33|The Run Down - Wednesday September 24, 2008|Bridges And Powerlines|New Mexico
642807|9/24/2008 6:33|The Run Down - Wednesday September 24, 2008|Throw Me The Statue|The Old Believer
642806|9/24/2008 6:33|The Run Down - Wednesday September 24, 2008|The Broken West|Auctioneer
642809|9/24/2008 6:34|The Run Down - Wednesday September 24, 2008|Miniature Tigers|Mamma Mia (Abba Cover)
642811|9/24/2008 6:34|The Run Down - Wednesday September 24, 2008|Clap Your Hands Say Yeah|Details of the War
642812|9/24/2008 6:34|Land Of The Rising Rave|Black kids|I'm Not Gonna Teach Your Boyfriend ... (80kidz Remix) 160
642808|9/24/2008 6:34|The Run Down - Wednesday September 24, 2008|Mock Orange|Song In D
642813|9/24/2008 6:35|Soulwax Likes Truckers Delight!|Flairs|Truckers Delight
642814|9/24/2008 6:36|Land Of The Rising Rave|80kidz|www.myspace.com/80kidz, 04 Life Begins At Eighty
642815|9/24/2008 6:53|Sway Live & New Mixtape to Download|Jukey|Way We Go ft. Sway (Snippet)
642816|9/24/2008 6:54|Sway Live & New Mixtape to Download|Sway|Back To Basics ft. Giggs
642817|9/24/2008 6:54|Sway Live & New Mixtape to Download|Sway|Jason Waste (Snippet with Intro)
642818|9/24/2008 6:55|Sway Live & New Mixtape to Download|Sway|Stereo (Snippet)
642819|9/24/2008 6:55|Sway Live & New Mixtape to Download|Lloyd|How We Do In The UK ft. Sway
642820|9/24/2008 6:56|Bottom Feeders: The Ass End of the ’80s, Part 26|Thomas Dolby|Hyperactive
642821|9/24/2008 6:56|Bottom Feeders: The Ass End of the ’80s, Part 26|THE DOOBIE BROTHERS|WYNKEN, BLYNKEN AND NOD
642822|9/24/2008 6:57|Bottom Feeders: The Ass End of the ’80s, Part 26|D-Train|D-Train Theme
642825|9/24/2008 6:57|Bottom Feeders: The Ass End of the ’80s, Part 26|Thomas Dolby|Europa And The Pirate Twins
642823|9/24/2008 6:57|Bottom Feeders: The Ass End of the ’80s, Part 26|The Doobie Brothers|You Belong To Me (live)
642824|9/24/2008 6:57|Bottom Feeders: The Ass End of the ’80s, Part 26|The Doobie Brothers|Keep This Train A-Rollin'
642826|9/24/2008 6:57|Bottom Feeders: The Ass End of the ’80s, Part 26|J.D. Drews|Don't Want No-Body
642827|9/24/2008 6:57|Bottom Feeders: The Ass End of the ’80s, Part 26|Dr. Hook|That Didn't Hurt Too Bad
642828|9/24/2008 6:57|Bottom Feeders: The Ass End of the ’80s, Part 26|Dr Hook|Years From Now
642833|9/24/2008 6:58|Bottom Feeders: The Ass End of the ’80s, Part 26|Double Image|Night Pulse
642829|9/24/2008 6:58|Bottom Feeders: The Ass End of the ’80s, Part 26|The Doors|Gloria
642830|9/24/2008 6:58|Bottom Feeders: The Ass End of the ’80s, Part 26|Joe Dolce|Shaddap You Face
642831|9/24/2008 6:58|Bottom Feeders: The Ass End of the ’80s, Part 26|D-Train|Something's On Your Mind
642832|9/24/2008 6:58|Bottom Feeders: The Ass End of the ’80s, Part 26|The Doolittle Band|Who Were You Thinkin' Of
642838|9/24/2008 6:59|Bottom Feeders: The Ass End of the ’80s, Part 26|Dr. Hook|Loveline
642836|9/24/2008 6:59|Bottom Feeders: The Ass End of the ’80s, Part 26|Doobie Brothers|Here To Love You
642834|9/24/2008 6:59|Bottom Feeders: The Ass End of the ’80s, Part 26|The Doobie Brothers|Need A Little Taste Of Love
642837|9/24/2008 6:59|Bottom Feeders: The Ass End of the ’80s, Part 26|Dollar|Shooting Star
642835|9/24/2008 6:59|Bottom Feeders: The Ass End of the ’80s, Part 26|Dragon|Rain
642840|9/24/2008 7:00|BAMBOO TREES FOR SALE|Sufjan Stevens|All the Trees of the Field Will Clap Their Hands
642839|9/24/2008 7:00|BAMBOO TREES FOR SALE|Miracle Fortress|Little Trees
642841|9/24/2008 7:01|"Last to Remain Operation Beatdown"" CD"""|Last to Remain|When the Smoke Clears
642843|9/24/2008 7:02|Love In The Year 3000, $700B Bailout In The Year 2008|The B-52s|Love In The Year 3000
642842|9/24/2008 7:02|Sway Live & New Mixtape to Download|Sway|My Kind of Girl ft. 2face Idibia (Snippet)
642845|9/24/2008 7:08|Wayback Wednesdays & Mix Week ∞ Wild West Whip Cream Wednesday|The Be Good Tanyas|Reuben
642844|9/24/2008 7:08|Wayback Wednesdays & Mix Week ∞ Wild West Whip Cream Wednesday|Greg Brown|Real Good Friend
642846|9/24/2008 7:09|Wayback Wednesdays & Mix Week ∞ Wild West Whip Cream Wednesday|Wilco|Jesus, Etc.
642847|9/24/2008 7:10|Wayback Wednesdays & Mix Week ∞ Wild West Whip Cream Wednesday|Ben Harper|Mama's Got A Girlfriend Now
642848|9/24/2008 7:11|Wayback Wednesdays & Mix Week ∞ Wild West Whip Cream Wednesday|Dar Williams|The Mercy Of The Fallen
642850|9/24/2008 7:12|Wayback Wednesdays & Mix Week ∞ Wild West Whip Cream Wednesday|Norah Jones|Come Away With Me
642849|9/24/2008 7:12|Wayback Wednesdays & Mix Week ∞ Wild West Whip Cream Wednesday|Dan Bern|Baby Bye Bye
642851|9/24/2008 7:13|Wayback Wednesdays & Mix Week ∞ Wild West Whip Cream Wednesday|Martin Sexton|The Beast In Me
642852|9/24/2008 7:14|Wayback Wednesdays & Mix Week ∞ Wild West Whip Cream Wednesday|The Duke of Straw|(Theme from) Ruff and Tuff Movie Buffs
642853|9/24/2008 7:15|Wayback Wednesdays & Mix Week ∞ Wild West Whip Cream Wednesday|Peter Gabriel|Growing Up
642854|9/24/2008 7:16|Wayback Wednesdays & Mix Week ∞ Wild West Whip Cream Wednesday|Ani DiFranco & Jackie Chan|Unforgetable
642855|9/24/2008 7:17|Wayback Wednesdays & Mix Week ∞ Wild West Whip Cream Wednesday|Sarah Harmer|Lodestar
642856|9/24/2008 7:18|Wayback Wednesdays & Mix Week ∞ Wild West Whip Cream Wednesday|Lamya|Empires
642857|9/24/2008 7:19|Wayback Wednesdays & Mix Week ∞ Wild West Whip Cream Wednesday|Essence|Sleeping With The Driver
642858|9/24/2008 7:21|Wayback Wednesdays & Mix Week ∞ Wild West Whip Cream Wednesday|Shannon McNally|I'll Always Be Around
642859|9/24/2008 7:21|Wayback Wednesdays & Mix Week ∞ Wild West Whip Cream Wednesday|Sex Mob|Black & Tan Fantasy
642860|9/24/2008 7:22|Wayback Wednesdays & Mix Week ∞ Wild West Whip Cream Wednesday|Gillian Welch|Everything Is Free Now
642861|9/24/2008 7:23|Wayback Wednesdays & Mix Week ∞ Wild West Whip Cream Wednesday|Bob Dylan|It's All Over Now Baby Blue
642862|9/24/2008 7:23|Wayback Wednesdays & Mix Week ∞ Wild West Whip Cream Wednesday|Jay|What I Want You To Do
642863|9/24/2008 7:24|Neimo|Neimo|Johnny five
642864|9/24/2008 7:24|Neimo|Neimo|Can you call me ?
642865|9/24/2008 7:24|Neimo|Neimo|Lines
642866|9/24/2008 7:25|the new All Girl Summer Fun Band|The Donnas|Do You Wanna Go Out With Me
642867|9/24/2008 7:26|the new All Girl Summer Fun Band|The Breeders|Iris (live)
642868|9/24/2008 7:26|the new All Girl Summer Fun Band|All Girl Summer Fun Band|Rewind
642869|9/24/2008 7:26|the new All Girl Summer Fun Band|All Girl Summer Fun Band|Not The One For Me
642871|9/24/2008 8:10|Blast from the Past: Pearl Jam's Vitalogy|Pearl Jam|Nothingman
642872|9/24/2008 8:10|Blast from the Past: Pearl Jam's Vitalogy|Pearl Jam|Betterman
642870|9/24/2008 8:10|Blast from the Past: Pearl Jam's Vitalogy|Pearl Jam|Bugs
642873|9/24/2008 8:11|Blast from the Past: Pearl Jam's Vitalogy|Pearl Jam|Spinthe black circle
642874|9/24/2008 8:11|Blast from the Past: Pearl Jam's Vitalogy|Pearl Jam|Corduroy
642875|9/24/2008 8:12|Interviews:: herohill hearts music vs. Dave Ullrich|Inbreds|Any Sense of Time
642876|9/24/2008 8:12|Interviews:: herohill hearts music vs. Dave Ullrich|Inbreds|Sad Sack
642877|9/24/2008 8:13|Interviews:: herohill hearts music vs. Dave Ullrich|Inbreds|Amelia Earhart
642878|9/24/2008 8:14|The Midwest Dilemma - Timelines & Tragedies|Midwest Dilemma|Chicago And North Western
642879|9/24/2008 8:14|The Midwest Dilemma - Timelines & Tragedies|Midwest Dilemma|Francoise
642880|9/24/2008 8:20|10 REASONS EVERYBODY'S COVERIN' HARRY NILLSON|Kevin B. Selby|Everybody's Talkin'
642881|9/24/2008 8:22|10 REASONS EVERYBODY'S COVERIN' HARRY NILLSON|Danny Schmidt & Paul Curreri|Blame Love-Everybody's Talkin'
642882|9/24/2008 8:22|10 REASONS EVERYBODY'S COVERIN' HARRY NILLSON|Bob Walkenhorst|08d2t08 vbr
642883|9/24/2008 8:23|Daily Downloads (Theresa Andersson, Friendly Fires, and more)|Theresa Andersson|Birds Fly Away
642884|9/24/2008 8:23|Daily Downloads (Theresa Andersson, Friendly Fires, and more)|Telefon Tel Aviv|Helen of Troy
642885|9/24/2008 8:25|Daily Downloads (Theresa Andersson, Friendly Fires, and more)|BottleUpGo|Wayward Son
642886|9/24/2008 8:25||kinky|A Donde Van Los Muertos?
642887|9/24/2008 8:26||Walter Meego|Forever (Van She Tech Remix)
642888|9/24/2008 8:29|Niyi|Niyi|808 Klap
642889|9/24/2008 8:30|Niyi|Niyi|Ameilia
642890|9/24/2008 8:32|Sideway Hover|Shakedown|Solid Bump, At Night (DreDay Rmx)
642892|9/24/2008 8:33|Constant|Peedi Crakk|More Towels
642891|9/24/2008 8:33|Sideway Hover|Computer Rockers|Solid Bump Records, Tech-no-Rock (DreDay Rmx)
642893|9/24/2008 8:35|Wonderfulsound #5|Wonderfulsound|The Portobello Rd 1969
642894|9/24/2008 8:37|Much against everyone's advice|Soulwax|Saturday Meets Billie Jean
642895|9/24/2008 8:39|Much against everyone's advice|Soulwax|E-Talking
642896|9/24/2008 8:39|Much against everyone's advice|Soulwax|Pop Life (Live)
642897|9/24/2008 8:43|Les justiciers milliaaaardaiiiiiires|Justice|Planisphre (Part 1)
642898|9/24/2008 8:44|In which I write about something of which I know very little|Bush|Greedy Fly
642899|9/24/2008 8:45|In which I write about something of which I know very little|Bush|Greedy Fly
642901|9/24/2008 8:57|All The Pennies And The Pounds|Golden Silvers|Magic Touch
642900|9/24/2008 8:57|All The Pennies And The Pounds|DJ Downfall|Seven Dials (featuring Gene Serene)
642902|9/24/2008 9:15|More of “Hail To The Smiths” week with Cocoanut Groove|Cocoanut Groove|Midsummer's Dream (Mainmix2)-1
642903|9/24/2008 9:17|Mope Like Me: Duran Duran, “Save a Prayer” (Best Remix Ever)|Duran Duran|Save a Prayer (Thunder in Our Hearts Mix)
642904|9/24/2008 9:18|The Power Of The Spoken Word|Dana Bryant|Margaret (Second Cousin)
642906|9/24/2008 9:19|Manu|Manu|Cow-boy
642905|9/24/2008 9:19|The Power Of The Spoken Word|BAMA The Village Poet|I Got Soul
642907|9/24/2008 9:20|The New King Of Truck-Drivin' Music|Chris Sprague|Almost Home
642908|9/24/2008 9:21|The Power Of The Spoken Word|Sarah Webster Fabio|A Mover Place In the Sun
642909|9/24/2008 9:21|The New King Of Truck-Drivin' Music|Chris Sprague|Roll On Big Mama
642910|9/24/2008 9:21|The New King Of Truck-Drivin' Music|Chris Sprague|Diesel Made For Two
642911|9/24/2008 9:21|The New King Of Truck-Drivin' Music|Chris Sprague|Diesel Smoke And Cigarettes
642912|9/24/2008 9:23|300th post - Maestro Fresh Wes|Maestro Fresh-Wes|Untouchable
642913|9/24/2008 9:24|300th post - Maestro Fresh Wes|Maestro Fresh-Wes|LetYour Backbone Slide
642915|9/24/2008 9:25|Dean Carter !|DeanCarter|Fever
642914|9/24/2008 9:25|300th post - Maestro Fresh Wes|Maestro Fresh-Wes|The Mics My Piece
642916|9/24/2008 9:25|300th post - Maestro Fresh Wes|Maestro Fresh-Wes|Drop The Needle
642917|9/24/2008 9:26|Dean Carter !|DeanCarter|Jailhouse Rock
642918|9/24/2008 9:26|Dean Carter !|DeanCarter|Sock It to Me Baby
642920|9/24/2008 9:26|CURIOSITY KILLED THE...|Ladyhawke|Dusk Til Dawn
642919|9/24/2008 9:26|CURIOSITY KILLED THE...|The Hush Sound|Honey
642923|9/24/2008 9:27|CURIOSITY KILLED THE...|Kings Of Leon|Closer
642922|9/24/2008 9:27|CURIOSITY KILLED THE...|Sbastien Tellier|Sexual Sportswear (SebastiAn Remix)
642921|9/24/2008 9:27|CURIOSITY KILLED THE...|Francoise Hardy|Je Pense a'Lui
642924|9/24/2008 9:28|THE HUB: Wednesday, September 24, 2008|ost|fireflies
642925|9/24/2008 9:28|THE HUB: Wednesday, September 24, 2008|Supersuckers|Paid
642926|9/24/2008 9:29|THE HUB: Wednesday, September 24, 2008|Supersuckers|What It Takes
642927|9/24/2008 9:32|Megapuss|Megapuss|Older Lives
642928|9/24/2008 9:32|May The Schwartz Be With You.|Lucy Schwartz|Paper Plane
642929|9/24/2008 9:33|Megapuss|Megapuss|Theme From Hollywood!
642930|9/24/2008 10:10|Questionable Corner: Mason Proper|Mason Proper|Shiny
642931|9/24/2008 10:10|Questionable Corner: Mason Proper|Mason Proper|Fog
642933|9/24/2008 10:11|common reaction by uh huh her|Uh Huh Her|Common Reaction
642934|9/24/2008 10:12|common reaction by uh huh her|Uh Huh Her|Not A Love Song
642936|9/24/2008 10:13|Smell Yo Dick - Mr Virgo Remix|Riskay|Smell Yo Dick (Mr Virgo Remix)
642935|9/24/2008 10:13|Step Up To Get Ya Rep Up|Gang Starr|Moment Of Truth
642937|9/24/2008 10:16|2 atoms in a molecule|Noah and the Whale|2 Bodies 1 Heart
642938|9/24/2008 10:20|Italian Mojo|The Mojomatics|Wait A While
642939|9/24/2008 10:20|Italian Mojo|The Mojomatics|Miss Me When I'm Gone
642940|9/24/2008 10:21|Throw Me The Statue|Cotton Jones|Midnight Monday and a Telescope
642941|9/24/2008 10:21|Throw Me The Statue|Throw Me The Statue|Lolita
642942|9/24/2008 10:22|Throw Me The Statue|The Broken West|Auctioneer
642943|9/24/2008 10:23|Daily Downloads (Theresa Andersson, Friendly Fires, and more)|Dear And The Headlights|I'm Not Crying. You're Not Crying, Are You?
642944|9/24/2008 10:25||Cross Country|Just A Thought
642945|9/24/2008 10:28|Kings of Leon - Only By the Night|Kings of Leon|Revelry
642947|9/24/2008 10:30|"Portastatic - Some Small History"" Analysis"""|Portastatic|I Wanna Know Girls
642946|9/24/2008 10:30|Kings of Leon - Only By the Night|Kings of Leon|Closer
642948|9/24/2008 10:31|"Portastatic - Some Small History"" Analysis"""|Portastatic|Skinny Glasses Girl
642949|9/24/2008 10:32|TW Walsh Releases Back Catalog For Free!|TW Walsh|Gullwatching
642950|9/24/2008 10:33|Un document sociologique|Boogers|Ashtray
642951|9/24/2008 10:34|Asobi Seksu is Touring Again|Asobi Seksu|Stay Awake
642952|9/24/2008 10:35|Love Lockdown|Kanye West|Love Lockdown (Teen Wolf Remix)
642953|9/24/2008 10:51|R KELLY|R Kelly|Hairbraider (Clean)
642954|9/24/2008 10:51|Scarves Of Red Tied ’Round Their Throats|Fleet Foxes|White Winter Hymnal
642956|9/24/2008 10:52|Canary|Kanye West|Love Lockdown (Tom Wrecks Remix)
642955|9/24/2008 10:52|Joke et Teki.|Joke et teki|Joke et Teki
642957|9/24/2008 10:53|Reminder: Conor Oberst Live Tonight in Oxford|Wilco|I Am Trying To Break Your Heart
642958|9/24/2008 10:53|Reminder: Conor Oberst Live Tonight in Oxford|Wilco|Not For The Season
642959|9/24/2008 10:55|TVD First Date / ...with Sad Crocodile|Sad Crocodile|Sad at Me
642960|9/24/2008 10:56|"Video: Deerhunter - Nothing Ever Happened (live at McCarren Park Pool)"""""|Deerhunter|Nothing Ever Happened
642961|9/24/2008 10:57|Ari Thunder-Eff|Baby Diamonds|Alaskan Thunderfuck
642962|9/24/2008 10:58|Alone, Alone|Memory Cassette|Surfin
642963|9/24/2008 10:58|Alone, Alone|Memory Cassette|Listen To The Vacuum
642964|9/24/2008 10:59|Alone, Alone|Hungry Ghosts|Alone Alone
642965|9/24/2008 11:01|GREY MACHINE: JUSTIN BROADRICK AND AARON TURNER MAKE BEAUTIFUL NOISE TOGETHER|Grey Machine|Vultures Descend
642966|9/24/2008 11:02|GREY MACHINE: JUSTIN BROADRICK AND AARON TURNER MAKE BEAUTIFUL NOISE TOGETHER|Grey Machine|Vultures Descend
642967|9/24/2008 11:02|R.I.P.: Willy Graves, former bassist for The Plot To Blow Up The Eiffel Tower|The Plot To Blow Up The Eiffel Tower|Johnny, You're All Grown Up
642968|9/24/2008 11:02|R.I.P.: Willy Graves, former bassist for The Plot To Blow Up The Eiffel Tower|The Plot To Blow Up The Eiffel Tower|Johnny, You're All Grown Up
642969|9/24/2008 11:03|Shugo Tokumaru|Shugo Tokumaru|Parachute
642970|9/24/2008 11:03|Shugo Tokumaru|Shugo Tokumaru|Clocca
642971|9/24/2008 11:05|TVD First Date / ...with Sad Crocodile|Sad Crocodile|Promised I'd Write Something Nice
642972|9/24/2008 11:06|TVD First Date / ...with Sad Crocodile|Sad Crocodile|Lawrence Hates Maurice
642973|9/24/2008 11:13|Say Hi/Jukebox the Ghost Tour America//To Play Show with Michigan’s Dali Rocket|Jukebox The Ghost|Hold It In
642974|9/24/2008 11:13|Say Hi/Jukebox the Ghost Tour America//To Play Show with Michigan’s Dali Rocket|Dali Rocket|Incessant Love Tribunal
642975|9/24/2008 11:14|Say Hi/Jukebox the Ghost Tour America//To Play Show with Michigan’s Dali Rocket|Dali Rocket|War Song
642976|9/24/2008 11:14|Say Hi/Jukebox the Ghost Tour America//To Play Show with Michigan’s Dali Rocket|Say Hi|Toil and Trouble
642977|9/24/2008 11:14|Reminder: Conor Oberst Live Tonight in Oxford|Uncle Tupelo|353039
642978|9/24/2008 11:14|Junior League Band - “Mitchell Williams Fo Govena” (Sept. 30)|Junior League Band|The Station
642979|9/24/2008 11:15|Spooky Songs: The Beatles, “Long, Long, Long”|The Beatles|Long, Long, Long
642981|9/24/2008 11:15|Backyard Tire Fire + Ha Ha Tonka + Mardelay / Art vs. Art / Friday, September 26th, 2008|Ha Ha Tonka|Caney Mountain (live in the MOKB/WEEM studio 11/5/07)
642980|9/24/2008 11:15|Reminder: Conor Oberst Live Tonight in Oxford|Modest Mouse|King Rat
642983|9/24/2008 11:16|Backyard Tire Fire + Ha Ha Tonka + Mardelay / Art vs. Art / Friday, September 26th, 2008|Ha Ha Tonka|Up Nights (live in the MOKB/WEEM studio 11/5/07)
642982|9/24/2008 11:16|Backyard Tire Fire + Ha Ha Tonka + Mardelay / Art vs. Art / Friday, September 26th, 2008|Ha Ha Tonka|St. Nick On The Fourth In A Fervor (live in the MOKB/WEEM studio 11/5/07)
642984|9/24/2008 11:16|The Unicorns - Who Will Cut Our Hair When We’re Gone? (Alien8)|The Unicorns|Ready To Die
642985|9/24/2008 11:33|The Teenagers + Twins|The Teenagers|Make It Happen (Twins Rough Mix)
642986|9/24/2008 11:36|Coldplay Bassist Speaks Out On Official Site|Coldplay|Clocks
642987|9/24/2008 11:41|Sonny J|Sonny J|Strange Things
642988|9/24/2008 11:42|Sonny J|Sonny J|Can't Stop Moving
642989|9/24/2008 11:43|Sonny J|Sonny J|A Hard Days Night
642990|9/24/2008 11:45|We Plants Are Happy Plants Makes My Feet be Happy Feet|Daft Punk|Superheroes (We Plants Are Happy Plants Remix)
642991|9/24/2008 11:45|We Plants Are Happy Plants Makes My Feet be Happy Feet|Bronski Beat|Small Town Boy (We Plants Are Happy Plants Remix)
642992|9/24/2008 11:46|We Plants Are Happy Plants Makes My Feet be Happy Feet|We Plants Are Happy Plants|Trance Steel
642993|9/24/2008 11:46|Nothing but music - the endless post?|Travis|Song To Self
642994|9/24/2008 11:47|Nothing but music - the endless post?|The Floor Is Made Of Lava|Told Her I'm from Compton
642995|9/24/2008 11:47|Nothing but music - the endless post?|ChrisWalla|Sing Again
642997|9/24/2008 11:48|Nothing but music - the endless post?|Neon Zoo|Alive
642998|9/24/2008 11:48|Nothing but music - the endless post?|Celestial|Crystal Heights
642999|9/24/2008 11:48|Nothing but music - the endless post?|Stereo Inn|Moving On
642996|9/24/2008 11:48|Division Day on '90210'|Division Day|Colorguard
643000|9/24/2008 11:49|Nothing but music - the endless post?|Angel Pier|Make
643001|9/24/2008 11:49|Nothing but music - the endless post?|tWAMi|My spanish romance
643002|9/24/2008 11:50|"[MP3] Amy MacDonald: This Is The Life"""""|Amy MacDonald|This Is The Life
643003|9/24/2008 11:50|Sigur Ros Unveils New Tour Vlog|Sigur Rs|Von
643004|9/24/2008 11:50|Boo! Nazi Fascist Supremists! (MP3s)|Cutrer T Tommy|10 - T. Tommy Cutrer - The School Bus
643005|9/24/2008 11:52|Boo! Nazi Fascist Supremists! (MP3s)|Charles Mingus|Fables Of Faubus
643006|9/24/2008 11:53|Boo! Nazi Fascist Supremists! (MP3s)|Charles Mingus|Original Faubus Fables
643007|9/24/2008 11:53|Who The Hell Is *Starfucker*?||Starfucker -Pop Song
643008|9/24/2008 11:54|Manu|Grgoire|toi + moi
643009|9/24/2008 11:54|New Paris, Tokyo feat. Pharrell|Lupe Fiasco|Paris,Tokyo (Remix Feat. Pharrell, Q-Tip, and Sarah Green)
643010|9/24/2008 11:55|THE HUB: Wednesday, September 24, 2008|Paper Round Kid|U R the 1
643011|9/24/2008 12:10|"Skid Row - Slave To The Grind"" (1991)"""|Skid Row|Riot act
643014|9/24/2008 12:11|At The Show: Matt and Kim|Matt and Kim|Good Ol' Fashion Nightmare
643012|9/24/2008 12:11|"Skid Row - Slave To The Grind"" (1991)"""|Skid Row|Slave to the grind
643013|9/24/2008 12:11|"Skid Row - Slave To The Grind"" (1991)"""|Skid Row|In a darkened room
643015|9/24/2008 12:12|Astro Raw : hip newbie|Astro Raw|Shogun Assassin
643016|9/24/2008 12:12|Astro Raw : hip newbie|Astro Raw|LoHi
643018|9/24/2008 12:12|on average people fear spiders more than death|hothouse flowers|an emotional time
643017|9/24/2008 12:12|on average people fear spiders more than death|hothouse flowers|thing of beauty
643019|9/24/2008 12:12|on average people fear spiders more than death|hothouse flowers|dj intro
643023|9/24/2008 12:13|on average people fear spiders more than death|hothouse flowers|isnt it amazing
643022|9/24/2008 12:13|on average people fear spiders more than death|hothouse flowers|one tounge
643020|9/24/2008 12:13|on average people fear spiders more than death|hothouse flowers|this is it (your soul)
643021|9/24/2008 12:13|on average people fear spiders more than death|hothouse flowers|be good
643024|9/24/2008 12:14|on average people fear spiders more than death|hothouse flowers|stand beside me
643025|9/24/2008 12:14|"The Rosebuds Life like"""""|The Rosebuds|Leaves Do Fall
643026|9/24/2008 12:15|MANY TIMES: King Khan & The Shrines|King Khan and The Shrines|Welfare Bread
643028|9/24/2008 12:15|New Vampire Weekend makes Nick and Nora's Infinite Playlist|Vampire Weekend|Ottoman
643027|9/24/2008 12:15|Concert Review: James, Phoenix Theatre, Sept 23|James|Destiny Calling
643029|9/24/2008 12:16|Miniature Tigers release new digital album|Miniature Tigers|Cannibal Queen
643030|9/24/2008 12:28|The Whigs @ the Glass House 9.19.08|The Whigs|Right Hand On My Heart (WOXY)
643031|9/24/2008 12:28|The Whigs @ the Glass House 9.19.08|The Whigs|Sleep Sunshine (WOXY)
643032|9/24/2008 12:33|Castanets to release City of Refuge|Castanets|Prettiest Chain
643033|9/24/2008 12:34|An Open Letter to Noah and the Whale|Noah and the Whale|5 Years Time
643034|9/24/2008 12:35|Contest: How high do your dials go? >>|The High Dials|Clare
643035|9/24/2008 12:37|Calzada del Gigante|The Stone Roses|This Is The One
643036|9/24/2008 12:48|"Jack Johnson Goes Electronic; Listen To New Remixed Track Enemy"""""|Jack Johnson|Enemy (Worst Friends Remix)
643037|9/24/2008 12:49|Nate Dogg Suffers Another Stroke|Notorious B.I.G ft Snoop, Nate Dogg, Busta, Foxy, Fabolous|Running Your Mouth
643038|9/24/2008 12:54|You Might Die Trying|Dave Matthews Band|You Might Die Trying
643039|9/24/2008 12:57|Bisou du Mercredi|Christina Aguilera VS Rolling Stones|Ain't No Jumping
643040|9/24/2008 12:59|Bisou du Mercredi|Christina Aguilera|Keeps Gettin' Better
643041|9/24/2008 13:00|TVD First Date / ...with Sad Crocodile|Sad Crocodile|When The Sun Goes Down
643042|9/24/2008 13:00|TVD First Date / ...with Sad Crocodile|Sad Crocodile|Holy Water Down
643043|9/24/2008 13:01|TVD's Daily Wax|The Heartbreakers|Chinese Rocks
643044|9/24/2008 13:02|TVD's Daily Wax|Dead Boys|Sonic Reducer
643045|9/24/2008 13:03|TVD's Daily Wax|Blondie|X Offender
643046|9/24/2008 13:04|Indie-pop with the French-Swedish stamp of Envelopes|Envelopes|Party
643047|9/24/2008 13:05|Free Art||279523
643048|9/24/2008 13:06|T. Raumschmiere - I Tank U (Shitkatapult, 2008)|T.Raumschmiere|E
643049|9/24/2008 13:14|Temporisation|Roman S.|Horn! (Prompt Remix)
643050|9/24/2008 13:15|Hollertronix #9, you don't say...|Diplo & Buraka Som Sistema|Inna De Ghetto (Remix)
643051|9/24/2008 13:16|Temporisation|Kerri Chandler|Fortran
643052|9/24/2008 13:17|Trashed of a Tuesday|Bloc Party|Mercury (Herve Is In Disarray Remix)
643053|9/24/2008 13:18|The Boxing Lesson|The Boxing Lesson|Brighter
643054|9/24/2008 13:18|Trashed of a Tuesday|M.I.A.|Paper Planes (lapse remix)
643055|9/24/2008 13:18|The Boxing Lesson|The Boxing Lesson|Freedom
643056|9/24/2008 13:19|The Music Biz: Walk On Water|Thelonious Monster|Walk On Water
643057|9/24/2008 13:19|Only By The Night From Two Perspectives|Kings Of Leon|Joes Head
643059|9/24/2008 13:20|The Killers - Human|The Killers|Human
643058|9/24/2008 13:20|Only By The Night From Two Perspectives|Kings Of Leon|Be Somebody
643062|9/24/2008 13:22|New Marina and the Diamonds - Mowgli's Road|Client|Leave the man to me
643060|9/24/2008 13:22|New Marina and the Diamonds - Mowgli's Road|The Bird and the Bee -|Man
643061|9/24/2008 13:22|New Marina and the Diamonds - Mowgli's Road|Positive K|I Got a Man
643063|9/24/2008 13:23|TVD's Daily Wax|New York Dolls|Personality Crisis
643064|9/24/2008 13:23|Nouveau son des Coal Stairs|Coal Stairs|http://www.empreintes-digitales.fr, Fuji 111
643066|9/24/2008 13:24|Drop it to the Turf|E-40|Turf Drop (MR GASPAR Remix)
643065|9/24/2008 13:24|TVD's Daily Wax|The Runaways|Cherry Bomb
643067|9/24/2008 13:24|New Totems, Rituals|Graffiti Island|HeadHunters
643068|9/24/2008 13:25|Massive Chill|Massive Attack|Heat Miser
643070|9/24/2008 13:25|Grumpy Bear: Kosar [Album Review]|Grumpy Bear|Keepsake Pt. 1
643069|9/24/2008 13:25|Grumpy Bear: Kosar [Album Review]|Grumpy Bear|Sleepynaut
643071|9/24/2008 13:26|Massive Chill|Massive Attack|Protection
643072|9/24/2008 13:26|TW Walsh - Blue Laws And Others|TW Walsh|Gullwatching
643074|9/24/2008 13:27|Audio: The Cool Kids - Don’t Trip|The Cool Kids|Don't Trip (UK Bonus Track)
643073|9/24/2008 13:27|Audio: The Cool Kids - Don’t Trip|The Cool Kids|Don't Trip (UK Bonus Track)
643076|9/24/2008 13:28|Del Barber - “Where the City Ends”|Del Barber|where the city ends
643077|9/24/2008 13:28|Del Barber - “Where the City Ends”|Del Barber|harvest
643075|9/24/2008 13:28|Superstar DJ's - Born Originals|Superstar DJs|Break Dance - Electric Boogie
643078|9/24/2008 13:29|Lykke Li - Youth Novels|Lykke Li|I'm Good. I'm Gone
643079|9/24/2008 13:29|Superstar DJ's - Born Originals|Superstar DJs|Mescalito (feat. Delinquent Habits)
643080|9/24/2008 13:30|Lykke Li - Youth Novels|Lykke Li|Little Bit
643081|9/24/2008 13:30|Lunatic Calm - Breaking Point|Lunatic Calm|Liberation Radio
643082|9/24/2008 13:31|Lunatic Calm - Breaking Point|Lunatic Calm|Sound Of The Revolution
643083|9/24/2008 13:52|Telefon Tel Aviv Prep First Album in Five Years // Announce Tour|Matthew Dear|Don and Sherri
643084|9/24/2008 13:53|Telefon Tel Aviv Prep First Album in Five Years // Announce Tour|Telefon Tel Aviv|Helen of Troy
643086|9/24/2008 13:56|New Those Dancing Days single accompanied by a fun video!|Those Dancing Days|Home Sweet Home
643085|9/24/2008 13:56|Blitzen Trapper: Furr [Album Review]|Blitzen Trapper|Furr
643087|9/24/2008 13:57|John Coltrane - “Giant Steps” (Alternate Take)|John Coltrane|Giant Steps (Alternate Take)
643088|9/24/2008 13:57|Massive Chill|Conor Oberst|Souled Out!!!
643089|9/24/2008 14:01|Rrrump!|Rrrump|Twerk It
643091|9/24/2008 14:02|#78 brightblack morning light - oppressions each|Brightblack Morning Light|Oppressions Each
643090|9/24/2008 14:02|Rrrump!|Rrrump|If You Want Me
643092|9/24/2008 14:03|Rrrump!|Para One|Piste Bleue (Rrrump Edit)
643093|9/24/2008 14:09|Rack & Rune|King|Love & Pride (Rune Lindbaek edit)
643095|9/24/2008 14:10|"I Call Shotgun!"""""|Wilco|Passenger Side
643094|9/24/2008 14:10|"I Call Shotgun!"""""|TLC|No Scrubs
643097|9/24/2008 14:11|"I Call Shotgun!"""""|Death Cab For Cutie|Passenger Seat
643096|9/24/2008 14:11|Rack & Rune|Voyage|I Love You Dancer (Rune Lindbaek edit)
643098|9/24/2008 14:13|Rollo & Grady // Austin City Limits 2008|Xavier Rudd|Food In The Belly
643099|9/24/2008 14:14|Rollo & Grady // Austin City Limits 2008|Del Tha Funkee Homosapien|Mistadobalina
643100|9/24/2008 14:14|Rollo & Grady // Austin City Limits 2008|The Black Angels|Doves
643101|9/24/2008 14:15|Rollo & Grady // Austin City Limits 2008|Silversun Pickups|Lazy Eye
643102|9/24/2008 14:15|Rollo & Grady // Austin City Limits 2008|Band of Horses|Cigarettes Wedding Bands
643104|9/24/2008 14:16||Pivot|Didn't I Furious
643107|9/24/2008 14:16|Rollo & Grady // Austin City Limits 2008|Jos Gonzlez|Heartbeats & Crosses (Live On KCRW)
643106|9/24/2008 14:16|Rollo & Grady // Austin City Limits 2008|Galactic|Tighten Your Wig
643105|9/24/2008 14:16|Rollo & Grady // Austin City Limits 2008|The Black Keys|Set You Free
643103|9/24/2008 14:16|Rollo & Grady // Austin City Limits 2008|CSS|Alala
643108|9/24/2008 14:17|Rollo & Grady // Austin City Limits 2008|The Kills|Kissy Kissy
643109|9/24/2008 14:17|Rollo & Grady // Austin City Limits 2008|Beck|E-Pro
643110|9/24/2008 14:17|Rollo & Grady // Austin City Limits 2008|Drive-By Truckers|3 Dimes Down
643111|9/24/2008 14:17|Rollo & Grady // Austin City Limits 2008|Spiritualized|I Gotta Fire
643112|9/24/2008 15:13|Nellie McKay Profiled In Time Out New York's '40'|Nellie McKay|Change The World
643113|9/24/2008 15:14|...A TOYS ORCHESTRA|AToysOrchestra| Mrs Macabrette
643115|9/24/2008 15:16|...A TOYS ORCHESTRA|...A Toys Orchestra|Cornice Dance
643117|9/24/2008 15:18|National Meet Me In St Louis Day|MMISL|Track 6
643116|9/24/2008 15:18|Craigslist Musical Dedication Of The Day|Bonnie 'Prince' Billy|Wolf Among Wolves
643118|9/24/2008 15:19|My ode to mass transit||Deadly
643121|9/24/2008 15:20|My ode to mass transit|Rilo Kiley|The Frug
643120|9/24/2008 15:20|Craigslist Musical Dedication Of The Day|Bon Iver|The Wolves (Act I and II)
643119|9/24/2008 15:20|My ode to mass transit|Buffalo Tom|My Responsibility
643122|9/24/2008 15:21|Bear Hands - Golden|Bear Hands|Golden
643123|9/24/2008 15:21|Transformer|Marnie Stern|Transformer
643124|9/24/2008 15:22|Stina Nordenstam - Little Star|Stina Nordenstam|Little Star
643125|9/24/2008 15:23|Starfucker: Starfucker|Starfucker|Pop Song
643126|9/24/2008 15:24|Weezer Covers Oasis In Lowell|Weezer|Pork And Beans
643127|9/24/2008 15:24|Me and My DC Street Cred (if such a thing exists)|Jukebox The Ghost|Victoria
643129|9/24/2008 15:24|You Only Want Me On the Kitchen Table|Little Red Amp|Show Pony
643130|9/24/2008 15:24|Wednesdays|Bonnie Prince Billy|The World's Greatest
643128|9/24/2008 15:24|Me and My DC Street Cred (if such a thing exists)|Bellman Barker|Top of the Stairs
643131|9/24/2008 15:25|Wednesdays|Max Avery Lichtenstein|Tarnation
643132|9/24/2008 15:26|Do you believe in rapture?|Mujava|Township Funk (mastered)
643133|9/24/2008 15:27|Do you believe in rapture?|Syclops|Where's Jason's K
643134|9/24/2008 15:28|My Purple Past.|Deerhoof|My Purple Past
643135|9/24/2008 15:28|Win tickets for Matter this Friday!|Dubfire|Roadkill (Mylo Remix)
643136|9/24/2008 15:29|Win tickets for Matter this Friday!|Midfield General|Disco Sirens (Chicken Lips Malfunction)
643137|9/24/2008 15:30|Songs For The Deaf|Queens Of The Stone Age|God Is In The Radio
643138|9/24/2008 15:30|כרטיסים במתנה: חוזה גונזלס|The Gutter Twins|Down The Line (Jose Gonzales Cover)
643140|9/24/2008 15:31|Wednesdays|Page France|All Things, All Right
643141|9/24/2008 15:31|Win tickets for Matter this Friday!|Reverend And The Makers|Heavyweight Champion Of The World
643139|9/24/2008 15:31|כרטיסים במתנה: חוזה גונזלס|Zero 7|futures
643147|9/24/2008 15:34|Treasure Island Music Festival, September 21|Tokyo Police Club|Juno
643146|9/24/2008 15:34|Treasure Island Music Festival, September 21|Fleet Foxes|White Winter Hymnal
643148|9/24/2008 15:34|Treasure Island Music Festival, September 21|Tegan and Sara|The Con
643145|9/24/2008 15:34|Treasure Island Music Festival, September 21|Port O'Brien|Five And Dime
643149|9/24/2008 15:35|Treasure Island Music Festival, September 21|Okkervil River|Our Life Is Not a Movie or Maybe
643150|9/24/2008 15:35|Treasure Island Music Festival, September 21|Spiritualized|Ladies and Gentlemen We Are Floating in Space
643151|9/24/2008 15:35|Treasure Island Music Festival, September 21|Vampire Weekend|Walcott
643152|9/24/2008 15:36|Reviews:: Agnostic Mountain Gospel Choir Ten Thousand||Go Back Home
643153|9/24/2008 15:36|Watch ACL 2008 via AT&T Blue Room|Brian Eno & David Byrne|Regiment
643154|9/24/2008 15:37|Watch ACL 2008 via AT&T Blue Room|Neko Case|Star Witness
643155|9/24/2008 15:37|Watch ACL 2008 via AT&T Blue Room|Vampire Weekend|Oxford Comma
643156|9/24/2008 15:38|New Judas|Pets On Prozac|Aso Bosa
643157|9/24/2008 15:38|Watch ACL 2008 via AT&T Blue Room|Erykah Badu|Soldier
643158|9/24/2008 15:39|Philipp Wolgast - Unshaved|WOLGAST, Philipp|Unrasiert Und Fern Der Heimat
643159|9/24/2008 15:39|New Judas|Obi Blanche|Jesus ( Downtown Remix )
643160|9/24/2008 15:40|Philipp Wolgast - Unshaved|WOLGAST, Philipp|Within
643161|9/24/2008 15:40|Philipp Wolgast - Unshaved|WOLGAST, Philipp|Unrasiert Und Fern Der Heimat
643162|9/24/2008 15:41|Save The Date: The Music Slut's CMJ 2008 Showcase|PWRFL POWER|Alma Song
643163|9/24/2008 15:41|This Is…|www.maddeecnt.com|This Is Penis
643164|9/24/2008 15:42|Such Identicals|Such Identicals|Council Estate
643165|9/24/2008 15:43|Cold War Kids: Loyalty to Loyalty|Cold War Kids|Something Is Not Right WIth Me
643166|9/24/2008 15:43|ESP - ONE FOR THE DITCH|ESP|highway 395
643167|9/24/2008 15:44|ESP - ONE FOR THE DITCH|ESP|hell of a life
643168|9/24/2008 15:44|ESP - ONE FOR THE DITCH|ESP|one for the ditch
643169|9/24/2008 15:44|Tom Wrecks|Kanye West|Love Lockdown (Tom Wrecks Remix)
643171|9/24/2008 15:45|Lapse|2Unlimited|No Limit (Lapse's Acceptable in the 90's Revamp)
643170|9/24/2008 15:45|Lapse|M.I.A.|Paper Planes (Lapse Remix)
643172|9/24/2008 15:47|Le Switch announces the release of their debut LP, “And Now…Le Switch” from Autumn Tone Records.|The Switch|Tongue Tied
643173|9/24/2008 15:48|Le Switch announces the release of their debut LP, “And Now…Le Switch” from Autumn Tone Records.|The Switch|Living In Another World
643174|9/24/2008 15:48|Dada Life Remix Boy 8-Bit|Boy 8-Bit|The Suspense Is Killing Me (Dada Life Guerilla Fart #TBA)
643175|9/24/2008 15:49|WFMU at ISSUE Project Room - finale weekend (mp3s)|Teeth Mountain|Keinsein
643176|9/24/2008 15:50|WFMU at ISSUE Project Room - finale weekend (mp3s)|Teeth Mountain|Black Jerusalem
643177|9/24/2008 15:52|Celebrating 51 Years of Stereo (MP3)||Audio Fidelity 1958
643178|9/24/2008 16:17|Farmyard Filth|The Tiger Lillies|Vagina
643179|9/24/2008 16:18|Music to foil super-villians to...|Shawn Lee's Ping Pong Orchestr|Glass Act
643180|9/24/2008 16:18|Music to foil super-villians to...|Shawn Lee's Ping Pong Orchestr|Glass Act
643181|9/24/2008 16:18|Farmyard Filth|The Tiger Lillies|Aunty Mabel
643182|9/24/2008 16:18|EVERY[SINGLE]DAY #21 _ NICK DRAKE (Way to Blue)|Nick Drake|Way to Blue
643183|9/24/2008 16:19|Redirigiendo…|Les Rythmes Digitales|From: Disco To: Disco
643184|9/24/2008 16:20|Madonna feat. Justin Timberlake and Timbaland - 4 Minutes|Madonna feat. Justin Timberlake and Timbaland|4 Minutes
643185|9/24/2008 16:21|L'émail dentaire.|JOSE GONZALEZ|Killing For Love (Todd Terje mix)
643186|9/24/2008 16:21|“I Said Hoooo..”|Collapsed Lung|Eat my Goal (Black Cats Mix)
643187|9/24/2008 16:22|What the digital revolution missed...|Sbastien Tellier|Sexual Sportswear (SebastiAn remix)
643190|9/24/2008 16:22|“I Said Hoooo..”|Collapsed Lung|Eat my Goal (Jackpot Goalie Mi
643188|9/24/2008 16:22|“I Said Hoooo..”|Collapsed Lung|Eat my Goal (Instrumental Mix)
643189|9/24/2008 16:22|“I Said Hoooo..”|Collapsed Lung|Eat my Goal (Synchromesh Terro
643193|9/24/2008 16:23|death to mediocrity|Pink Stallone|Swiss Ambulance
643191|9/24/2008 16:23|“I Said Hoooo..”|Collapsed Lung|Eat my Goal (Mardi Grass Mix)
643192|9/24/2008 16:23|“I Said Hoooo..”|Collapsed Lung|Eat my Goal (Original)
643195|9/24/2008 16:24|death to mediocrity|Electric Youth|Replay (Bestrack Remix)
643194|9/24/2008 16:24|Album Review: This Is An Emergency EP|The Pigeon Detectives|This is An Emergency
643198|9/24/2008 16:25|"Video: The trailer for Biggie biopic Notorious"" is posted"""|The Notorious B.I.G.|Party And Bullshit (Ratatat remix)
643196|9/24/2008 16:25|Mystery Jets|Mystery Jets|Flakes
643197|9/24/2008 16:25|Mystery Jets|Mystery Jets|Young Love (feat Laura Marling)
643200|9/24/2008 16:26|What the digital revolution missed...|New Young Pony Club|Get Lucky (MSTRKRFT remix)
643199|9/24/2008 16:26|"Video: The trailer for Biggie biopic Notorious"" is posted"""|The Notorious B.I.G.|Party And Bullshit (Ratatat remix)
643202|9/24/2008 16:27|What the digital revolution missed...|Pnau|Baby
643201|9/24/2008 16:27|What the digital revolution missed...|Dan le Sac vs. Scroobius Pip|Thou Shalt Always Kill
643203|9/24/2008 16:28|What the digital revolution missed...|Vicarious Bliss|Theme From Vicarious Bliss
643204|9/24/2008 16:30|What the digital revolution missed...|Justice|Waters of Nazareth
643205|9/24/2008 16:31|What the digital revolution missed...|Daft Punk|One More Time / Aerodynamic
643206|9/24/2008 16:31|What the digital revolution missed...|SebastiAn|H.A.L.
643208|9/24/2008 16:32|What the digital revolution missed...|Busy P|To Protect and Entertain (feat. MURS)
643207|9/24/2008 16:32|What the digital revolution missed...|Chromeo|Bonafied Lovin' (Culture Prophet Remix)
643209|9/24/2008 16:33|What the digital revolution missed...|Mr. Oizo|Patrick122
643210|9/24/2008 16:35|News / Midweek Tech Snips: September 24th, 2008||sm008
643211|9/24/2008 16:35|Like Woah?|Like Woah!|Girls Sing
643213|9/24/2008 16:36|AUSTRALIA|Van She|Changes  (G.L.O.V.E.S Remix)
643214|9/24/2008 16:36|ACL 2008 Pick: Silversun Pickups|Silversun Pickups|Three Seed
643212|9/24/2008 16:36|AUSTRALIA|Elke|Till I'm Gone
643215|9/24/2008 16:37|ACL 2008 Pick: Silversun Pickups|Silversun Pickups|Lazy Eye
643216|9/24/2008 16:39|PAS VU A LA TELE...|TV On The Radio|Love Dog
643217|9/24/2008 16:40|300|Maria Taylor|A Good Start
643218|9/24/2008 17:14|A Week In The Remix - Vol. 3:|Kings Of Leon|My Party (Kenna & Chad Hugo Remix)
643219|9/24/2008 17:15|A Week In The Remix - Vol. 3:|Vampire Weekend|Oxford Comma (Burntpiano Edit)
643220|9/24/2008 17:15|A Week In The Remix - Vol. 3:|TV On The Radio|Staring At The Sun (Byran Hyde Remix)
643221|9/24/2008 17:15|A Week In The Remix - Vol. 3:|Klaxons|As Above, So Below (Justice Remix)
643222|9/24/2008 17:15|A Week In The Remix - Vol. 3:|Skream|Midnight Request Line (Switch Remix)
643223|9/24/2008 17:16|I&#8217;ve Got You Working Up An Appetite|Chris Crocker|Mind In the Gutter
643224|9/24/2008 17:16|Spacelines - Sonic Sounds For Subterraneans|Rolf Harris|Sun Arise
643225|9/24/2008 17:16|Spacelines - Sonic Sounds For Subterraneans|Lightin' Hopkins|Needed Time
643226|9/24/2008 17:16|Spacelines - Sonic Sounds For Subterraneans|The Rays|Elevator Operator
643227|9/24/2008 17:16|Spacelines - Sonic Sounds For Subterraneans|The White Noise|Firebird
643228|9/24/2008 17:16|Spacelines - Sonic Sounds For Subterraneans|The Cryin' Shames|Please Stay
643229|9/24/2008 17:17|Spacelines - Sonic Sounds For Subterraneans|The Syndicats|Crawdaddy Simone
643232|9/24/2008 17:17|Spacelines - Sonic Sounds For Subterraneans|Juicy Lucy|Just One Time
643233|9/24/2008 17:17|Spacelines - Sonic Sounds For Subterraneans|The Red Krayola|Transparent Radiation
643234|9/24/2008 17:17|Spacelines - Sonic Sounds For Subterraneans|The Fantastic Baggies|It Was I
643235|9/24/2008 17:17|Spacelines - Sonic Sounds For Subterraneans|Xavier Cugat|Perfidia
643231|9/24/2008 17:17|Spacelines - Sonic Sounds For Subterraneans|Washington Phillips|Denomination Blues
643236|9/24/2008 17:18|Spacelines - Sonic Sounds For Subterraneans|Jesse Mae Hemphill|I'm So Glad
643243|9/24/2008 17:19|Spacelines - Sonic Sounds For Subterraneans|John Mayall|Witchdoctor
643244|9/24/2008 17:19|Spacelines - Sonic Sounds For Subterraneans|Daniel Johnston|True Love Will Find You In The End
643245|9/24/2008 17:19|Spacelines - Sonic Sounds For Subterraneans|The Riot Squad|I Take It That We're Through
643246|9/24/2008 17:19|Spacelines - Sonic Sounds For Subterraneans|Sun Ra|Angels And Demons
643247|9/24/2008 17:19|Goombay Bump|Tame Impala|Remember Me
643249|9/24/2008 17:20|mercredi. cher enfer.|Courtney Marie Andrews|Personal Hell
643248|9/24/2008 17:20|Goombay Bump|Esperanto|Night Of The Wolf
643251|9/24/2008 17:21|Goombay Bump|Dungen|Det Tar Tid
643252|9/24/2008 17:21|Goombay Bump|Joose Keskitalo|Seitsenkertainen aurinko
643250|9/24/2008 17:21|Goombay Bump|Dry Bread|Words To My Song
643254|9/24/2008 17:22|Peter Bradley Adams - Free Download|Peter Bradley Adams|Always
643253|9/24/2008 17:22|Goombay Bump|Edan|Fumbling Over Words That Rhyme
643255|9/24/2008 17:23|Stereoheroes !|Stereoheroes|Kaz Nishimura - Loverevo (Stereoheroes Remix)
643258|9/24/2008 17:23|Grampall Jookabox||jnr16-02
643256|9/24/2008 17:23|Grampall Jookabox|Grampall Jookabox|The Girl Ain't Preggers
643259|9/24/2008 17:24|A DD/MM/YYYY to forget|Dd/Mm/Yyyy|Sanitary America
643262|9/24/2008 17:25|Gang Gang Dance - “First Communion”|Gang Gang Dance|First Communion
643264|9/24/2008 17:26|Open Your Box 23: Live Pop|Kylie Minogue|In My Arms (Live at the O2 Arena)
643263|9/24/2008 17:26|Open Your Box 23: Live Pop|Kylie Minogue|Ruffle My Feathers (Live at the O2 Arena)
643265|9/24/2008 17:27|Recommended Shows Sept 24th, 2008 - Cold War Kids At The Fonda|Eleni Mandell|Perfect Stranger
643266|9/24/2008 17:27|Freakin' Upside Down to the Space Bass|Slick|Space Bass
643267|9/24/2008 17:28|Attention: Missing!|Everything But The Girl|Missing (Todd Terry Club Mix)
643268|9/24/2008 17:28|This Beautiful City - Original Movie Soundtrack|Sunparlour Players|Bless This City
643269|9/24/2008 17:29|The Watson Twins Return Home to Play KCA - 10/12|The Watson Twins|Sky Open Up
643271|9/24/2008 17:30|If You Want Blood...|AC/DC|Love At First Feel
643272|9/24/2008 17:30|If You Want Blood...|AC/DC|Gone Shootin'
643270|9/24/2008 17:30|If You Want Blood...|AC/DC|Chase the Ace
643273|9/24/2008 17:31|Oasis|Oasis|The Turning
643274|9/24/2008 17:31|If You Want Blood...|AC/DC|Night Prowler
643275|9/24/2008 17:31|If You Want Blood...|AC/DC|Meanstreak
643277|9/24/2008 17:32|The Ray Mann Three|The Ray Mann Three|Smile
643276|9/24/2008 17:32|If You Want Blood...|AC-DC|The Jack
643278|9/24/2008 17:32|If You Want Blood...|AC/DC|If You Dare
643280|9/24/2008 17:33|If You Want Blood...|AC/DC|Big Gun
643282|9/24/2008 17:33|If You Want Blood...|AC/DC|Rock 'N Roll Train
643279|9/24/2008 17:33|If You Want Blood...|AC/DC|Can I Sit Next To You Girl
643281|9/24/2008 17:33|If You Want Blood...|AC/DC|Have A Drink On Me
643283|9/24/2008 17:34|E-40 is Garbage...|E-40|Turf Drop (MR. GASPAR Remix)
643284|9/24/2008 17:35|E-40 is Garbage...|Baby Diamonds|Alaskan Thunderfuck
643286|9/24/2008 17:36|Northern Invasion|Wakey!Wakey!|Say It Ain't So (Weezer Cover)
643287|9/24/2008 17:36|So many things that get me angry|The Bug|Angry ft.Tippa Irie
643285|9/24/2008 17:36|Northern Invasion|Wakey!Wakey!|Falling Apart (Live)
643288|9/24/2008 17:37|Robots in Disguise release new single + video|Robots In Disguise|The Tears (Radio Edit)
643289|9/24/2008 17:37|Northern Invasion|Bridges And Powerlines|Floods and Fields
643290|9/24/2008 17:38|Belaire freebie from Exploding Impacting|Belaire|You Really Got Me Goin'
643291|9/24/2008 17:38|I Love You But I´ve Chosen Darkness|I Love You But I've Chosen Darkness|Lights
643292|9/24/2008 17:38|Every Conversation to release Amari's new record|Amari|Le Gite Fuori Porta
643293|9/24/2008 17:39|I Love You But I´ve Chosen Darkness|I Love You But I've Chosen Darkness|The Ghost
643294|9/24/2008 17:39|"Pharrell labels potential U.S. VP A Hot Milf"""""|Common ft Pharrell|Universal Mind Control (Hydroz B-Boy Bass Mix)
643297|9/24/2008 17:40|chainsaw massacre mon amour|Les Beatlettes|C'est Grce  Toi
643295|9/24/2008 17:40|Songs That Get My Juices Flowing #30|Refused|Hate breeds hate
643296|9/24/2008 17:40|Songs That Get My Juices Flowing #30|In Flames|December flower
643298|9/24/2008 17:41|chainsaw massacre mon amour|Comix|Touche Pas Mon Sexe
643299|9/24/2008 17:41|chainsaw massacre mon amour|Erasure|Oh L'amour
643300|9/24/2008 17:42|Songs That Get My Juices Flowing #30|The Haunted|The medusa
643301|9/24/2008 17:42|Songs That Get My Juices Flowing #30|Metallica|Dirty window
643302|9/24/2008 17:42|The Black Angels & Rocky Erickson play Dallas + The West Coast|The Black Angels|You On The Run
643303|9/24/2008 17:43|Songs That Get My Juices Flowing #30|Watain| The serpents chalice
643304|9/24/2008 17:44|The Music Biz: Working for MCA|Lynyrd Skynyrd|Workin' for MCA
643305|9/24/2008 17:55|Playlist #26: You Bet We’ve Got Something Personal Against You!|Jay Reatard|Trapped Here
643306|9/24/2008 17:55|Playlist #26: You Bet We’ve Got Something Personal Against You!|Intrusion|Tswana Dub
643309|9/24/2008 17:56|Playlist #26: You Bet We’ve Got Something Personal Against You!|Philippe Nicaud|Bonne Nuit Chuck
643307|9/24/2008 17:56|Playlist #26: You Bet We’ve Got Something Personal Against You!|Marsha Gee|Peanut Duck
643308|9/24/2008 17:56|Playlist #26: You Bet We’ve Got Something Personal Against You!|Digital Leather|Modulated/Simulated
643312|9/24/2008 17:57|Chemise - She Can't Love You|Chemise|She Can't Love You
643310|9/24/2008 17:57|KINGS OF LEON & THE WHIGS @ WEBSTER HALL|Kings of Leon|Track 01
643313|9/24/2008 17:57|Ladyhawke - Paris S'Enflamme|Ladyhawke|Paris s'enflamme
643311|9/24/2008 17:57|Atmosphere on Jimmy Kimmel Live|Atmosphere|You & Yesterday (Jimmy Kimmel Live 09-23-2008)
643314|9/24/2008 17:58|Remix Wednesday: The Stills|The Stills|Still In Love Song (Extended 12 Remix)
643315|9/24/2008 17:59|Floating.|Portastatic|Skinny Glasses Girl
643316|9/24/2008 17:59|Floating.|Vampire Weekend|Ottoman
643317|9/24/2008 17:59|Floating.|Noah and the Whale|2 Bodies 1 Heart
643318|9/24/2008 17:59|Daily Dose Trois|The Teenagers|Make It Happen (Twins Rough Mix)
643319|9/24/2008 18:00|Daily Dose Trois|Hard Hard & Lady Waks Ft. Afri|Shake It (Rico Tubbs Remix)
643320|9/24/2008 18:01|Daily Dose Trois|E-40|Turf Drop (MR GASPAR Remix)
643321|9/24/2008 18:01|Daily Dose Trois|Obi Blanche|Jesus ( Downtown Remix )
643322|9/24/2008 18:02|Moto Boy: Ride My Wild Heart [Video]|Moto Boy|Ride My Wild Heart
643323|9/24/2008 18:03|Why Does Coldplay Have to Be so Predictable Good?|Coldplay|Strawberry Swing
643325|9/24/2008 18:04|Why Does Coldplay Have to Be so Predictable Good?|Coldplay|TalkJunkieXLRemix
643324|9/24/2008 18:04|Audio: 3 Stray Diplo Gems|Radiohead|Reckoner - Diplo Remix
643326|9/24/2008 18:05|Audio: Some Stones Throw Treats|Madvillain|Never Go Pop
643328|9/24/2008 18:05|Audio: Some Stones Throw Treats|Madlib|What It Do [feat Talib Kwelli]
643327|9/24/2008 18:05|Audio: 3 Stray Diplo Gems||greenlightdiplomix1
643329|9/24/2008 18:06|Soulwax Update|Soulwax|The Essential Hot Mix
643330|9/24/2008 18:06|Daily Dose Trois|Baby Diamonds|Alaskan Thunderfuck
643332|9/24/2008 18:07|Soulwax Update|Walter Murphy & The Big Apple Band|A Fifth of Beethoven (Soulwax Remix)
643331|9/24/2008 18:07|Floating.|Mason Proper|Fog
643333|9/24/2008 19:16|"Aversionline on Norwegian beatdown"" hardcore a..."""|Jonathan Johansson|En hand i himlen
643334|9/24/2008 19:23|080924: The Juju Man|JME|Juju Riddim
643335|9/24/2008 19:23|Enfant Terrible|M4U Feat. Red Pang| 
643336|9/24/2008 19:24|Enfant Terrible|enfant terrible|seagull
643337|9/24/2008 19:24|Enfant Terrible|M4U Feat. Soul K|
643338|9/24/2008 19:26|No Depression #35 • Sept-Oct 2001|Gillian Welch|April The 14th (Part 1)
643341|9/24/2008 19:27|No Depression #35 • Sept-Oct 2001|Drive-By Truckers|Let There Be Rock
643339|9/24/2008 19:27|No Depression #35 • Sept-Oct 2001|John Hartford|Austin Minor Sympathy
643340|9/24/2008 19:27|It's hard times in the city|Cat Power|Hard Times In New York Town (Bob Dylan Cover Peel Session 20/07/2000)
643342|9/24/2008 19:27|Lucky Dip|The Undertones|Julie Ocean
643345|9/24/2008 19:35|The Daily Graboid|Blitzen Trapper|Furr
643343|9/24/2008 19:35|The Daily Graboid|McCarthy Trenching|Roasting Song
643344|9/24/2008 19:35|The Daily Graboid|Pidgeon|An Orcish Pleasure
643353|9/24/2008 19:38|The Daily Graboid|High Places|From Stardust to Sentience
643354|9/24/2008 19:38|The Daily Graboid|Brightblack Morning Light|Oppressions Each
643351|9/24/2008 19:38|The Daily Graboid|Nagisa Ni Te|Premonition
643355|9/24/2008 19:39|The Daily Graboid|Cold War Kids|Something Is Not Right With Me
643356|9/24/2008 19:39|The Daily Graboid|Starfucker|German Love
643357|9/24/2008 19:39|The Daily Graboid|Peter Bjorn And John|Inland empire
643359|9/24/2008 19:40|The Daily Graboid|The Tough Alliance|Neo Violence (Windsurf's Neon Violet Dub)
643358|9/24/2008 19:40|The Daily Graboid|Friendly Fires|Jump In The Pool
643361|9/24/2008 19:41|The Daily Graboid|TV On The Radio|Golden Age
643360|9/24/2008 19:41|The Daily Graboid|The Standard|Hotel
643363|9/24/2008 19:42|The Daily Graboid|Girl Talk|Bounce That
643365|9/24/2008 19:43|The Daily Graboid|The Pica Beats|Poor Old Ra
643364|9/24/2008 19:43|The Daily Graboid|Mason Proper|Lock and Key
643366|9/24/2008 19:44|The Daily Graboid|Kings of Leon|Sex On Fire
643367|9/24/2008 19:44|Wednesday WTF: The Man in Black Meets Snoop Dogg|Johnny Cash|I Walk The Line
643368|9/24/2008 19:45|Dengue Fever on Vinyl!|Dengue Fever|Hummingbird
643369|9/24/2008 19:53||The Cars|Double Life
643370|9/24/2008 19:58||Snow Patrol|How To Be Dead
643371|9/24/2008 20:12|Reigning Sound :: Time Bomb High School|Reigning Sound|Stormy Weather
643372|9/24/2008 20:12|New Wale - I Will|Wale|Breakdown (DJ Infamous Remix)
643373|9/24/2008 20:13|Reigning Sound :: Time Bomb High School|Reigning Sound|Alternative: Indie, Straight Shooter
643374|9/24/2008 20:18|TV On The Radio: Dear Science (2008)|TV On The Radio|Dancing Choose
643375|9/24/2008 20:18|TV On The Radio: Dear Science (2008)|TV On The Radio|Love Dog
643376|9/24/2008 20:19|Franz Ferdinand Complete New Album|Franz Ferdinand|Your Diary
643377|9/24/2008 20:19|LOS ANGELES /ON TWO SIDES|Flying Lotus|Camel
643378|9/24/2008 20:19|Time For Your Boxing Lesson|The Boxing Lesson|Muerta
643379|9/24/2008 20:20|Bonus Post: Jesus Is My Selectah|Dillinja|The Angels Fell
643380|9/24/2008 20:20|Bonus Post: Jesus Is My Selectah|Dillinja|The Angels Fell
643383|9/24/2008 20:21|3 Giveaways 1 Post|Hot Chip|Ready For The Floor (Jesse Rose Remix)
643384|9/24/2008 20:21|The Johnstones - SEX Review|TheJohnstones|Bring It Back Around
643382|9/24/2008 20:21|The Johnstones - SEX Review|TheJohnstones|Bank
643381|9/24/2008 20:21|The Johnstones - SEX Review|TheJohnstones|Tonight
643385|9/24/2008 20:22|Deerhunter - Microcastle Review|Deerhunter|Never Stops
643386|9/24/2008 20:22|Deerhunter - Microcastle Review|Deerhunter|Nothing Ever Happened
643388|9/24/2008 20:23|Wye Oak & Shearwater @ Hi-Dive, Denver Live Tracks|Wye Oak|Magic Johnson
643387|9/24/2008 20:23|PEP! Generation Party with I Am Un Chien|I Am Un Chien|Dont Shoot My Little Baby
643389|9/24/2008 20:24|New Songs: T.I. and Justin Timberlake - Dead & Gone / T.I. and Rihanna - Live Your Life (Extended)|T.I. Ft. Justin Timberlake|Dead & Gone
643390|9/24/2008 20:24|New Songs: T.I. and Justin Timberlake - Dead & Gone / T.I. and Rihanna - Live Your Life (Extended)|T.I. Ft. Justin Timberlake|Dead & Gone
643391|9/24/2008 20:25|New Songs: T.I. and Justin Timberlake - Dead & Gone / T.I. and Rihanna - Live Your Life (Extended)|T.I.|Live Your Life (feat. Rihanna)
643392|9/24/2008 20:32|300|Maria Taylor|Replay
643394|9/24/2008 21:10|We Love Van She|Walter Meego|Forever
643393|9/24/2008 21:10|We Love Van She|Empire Of The Sun|Walking On A Dream
643395|9/24/2008 21:11|State Radio|State Radio|Right Me Up
643396|9/24/2008 21:11|State Radio|State Radio|Wicker Plane
643397|9/24/2008 21:11|State Radio|State Radio|Camilo
643398|9/24/2008 21:12|The Music Biz: Comfort Eagle|Cake|Comfort Eagle
643399|9/24/2008 21:12|The Music Biz: Rock N Roll|Ryan Adams|Rock N Roll
643400|9/24/2008 21:12|State Radio|State Radio|Democracy In Kind
643401|9/24/2008 21:13|Smooth It Out With the Vampire Mix…|IndieFeed  Community|Poorfolk - Stupid as a Tank
643402|9/24/2008 21:14|State Radio|State Radio|Fall of the American Empire
643403|9/24/2008 21:25|News: The Bootleg Edition|Belle and Sebastian|Here Comes the Sun
643405|9/24/2008 21:26|NightWaves|NightWaves|Blue Dress
643404|9/24/2008 21:26|Ready Or Not Here I Come..|CLP|Ready Or Not (Diplo vs DJ Sega Remix)
643409|9/24/2008 21:27|Smooth It Out With the Vampire Mix…|IndieFeed  Community|Higgins - Everybody (Thunder Mountain)
643408|9/24/2008 21:27|Smooth It Out With the Vampire Mix…|IndieFeed  Community|South San Gabriel - I Am Six Pounds of Dynamite
643410|9/24/2008 21:28|Late of the Pier - Focker (Data Noir's Breakneck Bootleg)|Late of the Pier|Focker (Data Noir's Breackneck Bootleg)
643411|9/24/2008 21:28|Meet Watcha Clan|Watcha Clan|Travelin' Shoes
643412|9/24/2008 21:34|DJ Khaled's hot jam|Dj Khaled|Out Here Grindin'_Clean
643413|9/24/2008 21:35|Do Tha Booty Clap....|Yo Majesty|Booty Clap
643414|9/24/2008 21:35|September Gurls|Big Star|September gurls
643416|9/24/2008 21:37|Catfish Haven|Catfish Haven|Play The Fool
643415|9/24/2008 21:37|Meet Watcha Clan|Watcha Clan|Lei Le Ha
643418|9/24/2008 21:39|New Digs: Crimes|These United States|West Won
643419|9/24/2008 21:40|Feed The Addiction|Rockwell|watching me (Your Dirty Habit + Trill Bass Remix)
643421|9/24/2008 21:41|New music from CYNE.|Cyne|Money Parade
643420|9/24/2008 21:41|Feed The Addiction|Katy Perry|I Kissed A Girl (Your Dirty Habit Remix)
643422|9/24/2008 21:42|Late Of The Pier remixed by Artwork|Late Of The Pier|Bathroom Gurgle (Artwork Remix)
643423|9/24/2008 21:44|Spoonapalooza: Happy Spoon Day|Spoon|Rocks Off [Live]
643424|9/24/2008 21:45|Spoonapalooza: Happy Spoon Day|Spoon|You Got Yr. Cherry Bomb [Alternate Version]
643425|9/24/2008 21:50|True Love Will Find You In The End|Daniel johnston|True Love Will Find You In The End
643426|9/24/2008 21:50|When I'm Cleaning Windows|George Formby|When I'm Cleaning Windows
643427|9/24/2008 21:51|Like The Sun Against|Crystal Castles|Crimewave (Sinden Remix)
643430|9/24/2008 21:55|an interview with the WALKMEN +++ 2008 Tour Dates|The Walkmen|In the New Year
643433|9/24/2008 21:56|Golden Animals, Live@Chessvolt 9/11/08|GoldenAnimals|QueenMary
643436|9/24/2008 21:56|musical link: Tabu Ley Rochereau|Oldies collection|Sambuluma pt.2
643435|9/24/2008 21:56|musical link: Tabu Ley Rochereau|Oldies collection|Sambuluma ..pt.1
643437|9/24/2008 21:58|Track N Field|TrackNField|Nobody Waits
643438|9/24/2008 21:58|Track N Field|TrackNField|Marathon
643441|9/24/2008 22:00|Golden Animals, Live@Chessvolt 9/11/08|GoldenAnimals|TryOnMe
643443|9/24/2008 22:11|Review: Sun Kil Moon - April|Sun Kil Moon|Moorestown
643444|9/24/2008 22:13|afro-samba [2]|Baden Powell|Consolao
643445|9/24/2008 22:13|A.T.T.I.T.U.D.E.|Audio Bullys|Vizo, Flickery Vision (Jamie Anderson & Deepgroove's Idiotproof Remix)
643446|9/24/2008 22:15|Grey Area - S/T (For fans of Lifetime, Kid Dynamite, 7 Seconds)|GreyArea|Insomnia
643447|9/24/2008 22:15|Grey Area - S/T (For fans of Lifetime, Kid Dynamite, 7 Seconds)|GreyArea|Right Now!
643448|9/24/2008 22:16|Billy Sha Rae - Let’s Do It Again|Billy Sha Rae|Let's Do It Again
643456|9/24/2008 22:19|The Barcelona Scene - New Music from Coconot (Pablo Díaz-Reixa / El Guincho), DC/LuvLuv, And More|Car Clutch|We Just Passed the Truth
643457|9/24/2008 22:19|The Barcelona Scene - New Music from Coconot (Pablo Díaz-Reixa / El Guincho), DC/LuvLuv, And More|Summer Recreation Camp / Mir|No Flash Over the Raritan
643458|9/24/2008 22:20|The Barcelona Scene - New Music from Coconot (Pablo Díaz-Reixa / El Guincho), DC/LuvLuv, And More|Teeth Mountain|Black Jerusalem
643459|9/24/2008 22:20|The Barcelona Scene - New Music from Coconot (Pablo Díaz-Reixa / El Guincho), DC/LuvLuv, And More|Teeth Mountain|Keinsein
643460|9/24/2008 22:20|The Barcelona Scene - New Music from Coconot (Pablo Díaz-Reixa / El Guincho), DC/LuvLuv, And More|Internet 2|Animals At Actors Studio
643461|9/24/2008 22:21|The Barcelona Scene - New Music from Coconot (Pablo Díaz-Reixa / El Guincho), DC/LuvLuv, And More|Evripidis and his tragedies|Ru Ru I'd Love You
643462|9/24/2008 22:43|A.T.T.I.T.U.D.E.|Audio Bullys|Vizo, Flickery Vision (Rusko's Staying Awake Remix)
643463|9/24/2008 22:47|A.T.T.I.T.U.D.E.|Audio Bullys|Vizo, Flickery Vision (Tim Green Dub Mix)
643465|9/24/2008 23:05|sleepy sun :: embrace|sleepy sun|duet with the northern sky
643466|9/24/2008 23:06|sleepy sun :: embrace|sleepy sun|new age
643467|9/24/2008 23:06|B-Side of the Week - Be My Baby|Glasvegas|Be My Baby
643468|9/24/2008 23:07|new jolie holland|jolie holland|palmyra
643469|9/24/2008 23:08|Master Of The Universe|Switch, Ant & DNA|Xclusive
643470|9/24/2008 23:10|Tom EQ|Tom EQ|The Begining
643471|9/24/2008 23:14|Party Monster|Larry Tee|Louis Vuitton (Jeff Doubleu Re
643473|9/24/2008 23:15|Leanin & Swervin|Kelevra|Leanin & Swervin (Feat. Bryan Cox) (Mightyfools Remix)
643472|9/24/2008 23:15|Jon Foreman Would Like to Buy an “H”|Jon Foreman|Your Love Is Strong
643474|9/24/2008 23:15|Jon Foreman Would Like to Buy an “H”|Various Artists|Your Cheatin' Heart - Jon Foreman
643475|9/24/2008 23:17|"We had to endure it and want our revenge."""""|Pearson|My Ghost Your Ghost
643476|9/24/2008 23:17|"We had to endure it and want our revenge."""""|Junior Pantherz|Class Action Lawsuit
643479|9/24/2008 23:18|Covered in Folk: Pete Seeger (On Folk as an Engine of Social Change)|Pete Seeger|We Shall Overcome
643480|9/24/2008 23:18|Covered in Folk: Pete Seeger (On Folk as an Engine of Social Change)|Marlene Dietrich|Where Have All The Flowers Gone
643481|9/24/2008 23:18|Covered in Folk: Pete Seeger (On Folk as an Engine of Social Change)|Ani DiFranco|My Name Is Lisa Kalvelage
643492|9/24/2008 23:23|New Bloody|The Bloody Beetroots & Congorock|Rombo (feat. Congorock)
643493|9/24/2008 23:26|Megapuss|Megapuss|Surfing
643495|9/24/2008 23:27|Ridin' Dirty 11: Sexy Beats|Moby|I Love To Move In Here (Crookers Lemmesee Mix)
643494|9/24/2008 23:27|Ridin' Dirty 11: Sexy Beats|Tiga|Hot In Herre (Nelly Cover)
643496|9/24/2008 23:27|080925: Pop Like This Playdoe|Playdoe|Go Dumb Go Thick Mix
